Id,Users,Likes,Dislikes,Followers
3,Vhowgego2,4003,2395,15854
7,Epetr6,4492,1027,10022
11,Bdurstona,4285,981,11848
13,Hfenlonc,4374,1705,10893
15,Dlabese,4882,2098,14054
19,Dmayoi,4844,3482,14697
20,Dgannanj,4943,1598,18257
25,Hdaykino,4924,492,17323
26,Pmingop,4948,1481,12864
27,Jlysterq,4567,2128,17546
28,Rkinghornr,4023,3046,17925
31,Mmaxweellu,4790,1287,11382
32,Nthurlbeckv,4008,730,12538
43,Tpfeffer16,4949,2128,11781
45,Jdressell18,4972,1872,12025
46,Aferneyhough19,4150,2564,17685
47,Srowett1a,4333,2094,17607
54,Hnairns1h,4610,2306,18496
58,Kmeineken1l,4539,1788,14425
68,Svasin1v,4852,3453,17058
87,Dkeilty2e,4991,2845,16676
91,Wcluff2i,4382,2672,15618
94,Eearey2l,4845,2343,15368
98,Cdarkott2p,4022,2542,10126
99,Apetrecz2q,4292,1684,15390
